name,lat,lng
Bertrand Piccard,46.5218269,6.6327025
Nick Veasey,51.5074456,-0.1277653
Dan Buettner,44.9497487,-93.0931028
Romulus Whitaker,40.7127281,-74.0060152
Herbie Hancock,41.8755616,-87.6244212
Randy Pausch,39.2908816,-76.610759
Robert Sapolsky,40.6526006,-73.9497211
Edwidge Danticat,18.547327,-72.3395928
Charles Fleischer,38.8950368,-77.0365427
David Blaine,40.7127281,-74.0060152
Anthony Atala,-6.8699697,-75.0458515
Sivamani,13.0836939,80.270186
Richard Dawkins,-1.3026148499999999,36.82884201813725
Taylor Mali,40.7127281,-74.0060152
Eve Ensler,40.7127281,-74.0060152
Derek Sivers,39.7837304,-100.445882
Sendhil Mullainathan,10.9094334,78.3665347
Peter Eigen,48.3668041,10.8986971
Jamie Oliver,51.9727613,0.13975240621621382
Blaise Agüera y Arcas,41.8239891,-71.4128343
David Cameron,51.5232789,-0.155596
Aimee Mullins,40.6022059,-75.4712794
Bill Gates,47.6038321,-122.330062
Kevin Kelly,44.8322405,-93.3204872
Philip K. Howard,33.7489924,-84.3902644
Eric Topol,40.7135078,-73.8283132
Temple Grandin,42.3554334,-71.060511
Bobby McFerrin,40.7127281,-74.0060152
Daniel Kahneman,32.0852997,34.7818064
Harsha Bhogle,17.360589,78.4740613
Richard Feynman,40.7127281,-74.0060152
James Cameron,49.416667,-82.433333
Tim Berners-Lee,51.4893335,-0.14405508452768728
Dan Barber,40.7127281,-74.0060152
Gary Vaynerchuk,53.1449683,29.2281209
Mark Roth,55.8712267,26.5159337
Douglas Adams,52.2055314,0.1186637
Jane McGonigal,39.9527237,-75.1635262
Sam Harris,34.0536909,-118.242766
Alan Siegel,41.8755616,-87.6244212
Joel Levine,40.6526006,-73.9497211
Shukla Bose,27.0377554,88.263176
Adora Svitak,44.0462362,-123.0220289
Elizabeth Pisani,39.7837304,-100.445882
Dean Kamen,40.6574186,-73.6450664
Dennis Hong,34.0536909,-118.242766
Natalie Merchant,42.0965167,-79.2380322
Michael Specter,39.7837304,-100.445882
Jonathan Klein,-26.205,28.049722
Catherine Mohr,-45.8740984,170.5035755
Thelma Golden,40.7135078,-73.8283132
Eric Whitacre,39.5261206,-119.8126581
Edith Widder,42.4153739,-71.1564428
James Randi,43.6534817,-79.3839347
Tom Wujec,49.8955367,-97.1384584
Kavita Ramdas,28.6273928,77.1716954
Stephen Wolfram,51.4893335,-0.14405508452768728
Roz Savage,53.2141028,-2.471770086071205
Esther Duflo,48.8588897,2.3200410217200766
Simon Sinek,51.4220721,-0.2052902
Jeremy Jackson,33.6170092,-117.9294401
Thomas Dolby,51.4893335,-0.14405508452768728
Nathan Myhrvold,47.6038321,-122.330062
Enric Sala,41.9793006,2.8199439
Dan Meyer,43.2560802,-79.8728583
Julia Sweeney,47.6571934,-117.42351
Viktor Frankl,48.2083537,16.3725042
William Li,53.4794892,-2.2451148
Graham Hill,51.5565973,-0.1784251
Richard Sears,42.3554334,-71.060511
Craig Venter,40.7596198,-111.886797
Ken Robinson,53.4071991,-2.99168
Sharmeen Obaid-Chinoy,24.8546842,67.0207055
Seth Berkley,40.7127281,-74.0060152
Sophie Hunger,46.9484742,7.4521749
Lawrence Lessig,44.0806041,-103.228023
Brian Skerry,42.1413353,-71.5192019
Brian Cox,56.4605938,-2.97019
Michael Sandel,44.9772995,-93.2654692
Rory Sutherland,-35.2975906,149.1012676
David Byrne,55.9432443,-4.5708479
Michael Shermer,34.0536909,-118.242766
Ananda Shankar Jayant,8.7284271,77.7112925
Chip Conley,33.7500378,-117.8704931
Marian Bantjes,61.0666922,-107.991707
Aditi Shankardass,51.4893335,-0.14405508452768728
Clay Shirky,38.951883,-92.3337366
Mitchell Joachim,40.0757384,-74.4041622
Benoit Mandelbrot,52.2337172,21.071432235636493
Hans Rosling,59.8586126,17.6387436
Carl Safina,40.6526006,-73.9497211
Matt Ridley,55.25,-2.000559
Julian Assange,-19.2569391,146.8239537
Dimitar Sasselov,42.6607865,27.7167464
Tan Le,5.8098265,100.6715035
Sheena Iyengar,43.6534817,-79.3839347
Susan Shaw,22.3150313,114.17205092613689
Jeff Bezos,35.0841034,-106.650985
John Delaney,52.2609997,-7.1119081
Lewis Pugh,50.3714122,-4.1424451
Sheryl WuDunn,40.7127281,-74.0060152
Peter Molyneux,51.2356068,-0.5732063
Maz Jobrani,35.6892523,51.3896004
Jeremy Rifkin,39.7392364,-104.984862
Sugata Mitra,22.5726459,88.3638953
Alwar Balasubramaniam,10.9094334,78.3665347
Ben Cameron,39.7683331,-86.1583502
Seth Godin,38.3172715,-88.9031201
Chris Anderson,51.5074456,-0.1277653
Jessa Gamble,51.7520131,-1.2578499
Caroline Phillips,36.7014631,-118.755997
Christien Meindertsma,52.0907006,5.1215634
Steven Johnson,54.0813547,-0.1952885
Annie Lennox,57.1482429,-2.0928095
Tim Birkhead,53.7974185,-1.5437941
Mechai Viravaidya,13.7456236,100.5342199
Tim Jackson,51.5074456,-0.1277653
Stefano Mancuso,38.82996034999999,16.43155687627833
Melinda Gates,32.7762719,-96.7968559
Peter Haas,49.5928616,11.0056
Natalie Jeremijenko,-21.141956,149.1865149
Ze Frank,42.704522,-73.911513
Joel Burns,32.753177,-97.3327459
Patrick Chappatte,24.8546842,67.0207055
Joseph Nye,40.7474966,-74.2635376
Greg Stone,-31.9558933,115.8605855
Andrew Bird,51.5074456,-0.1277653
Stefan Wolff,53.5672881,9.941726150411604
Aaron Huey,44.0168463,-107.9557722
Conrad Wolfram,51.7520131,-1.2578499
Denis Dutton,34.0536909,-118.242766
Shimon Schocken,32.0852997,34.7818064
John Hardy,51.4893335,-0.14405508452768728
Zainab Salbi,33.3061701,44.3872213
Marcel Dicke,51.7689546,4.686789054617023
Halla Tómasdóttir,64.145981,-21.9422367
Tony Porter,51.791042000000004,-0.7379739854728844
Kiran Bedi,30.7037946,75.7800988
Hanna Rosin,30.8124247,34.8594762
Majora Carter,40.7127281,-74.0060152
Brené Brown,29.4246002,-98.4951405
Barry Schwartz,39.9527237,-75.1635262
Arianna Huffington,37.9755648,23.7348324
Lesley Hazleton,51.4564242,-0.9700664
Neil Pasricha,43.8975558,-78.8635324
Jody Williams,-33.928992,18.417396
Amber Case,45.5202471,-122.674194
Thomas Thwaites,-27.9885617,152.9961186
Naomi Klein,45.5031824,-73.5698065
Van Jones,35.6144446,-88.8177418
Heather Knight,53.6153659,-2.1557561
Martin Jacques,45.5485795,-75.2915629
Thomas Goetz,48.7999036,9.7977584
Liza Donnelly,38.8950368,-77.0365427
Ariel Garten,43.6534817,-79.3839347
Bruce Feiler,32.0790074,-81.0921335
Suheir Hammad,31.9515694,35.9239625
Cynthia Breazeal,35.0841034,-106.650985
Geert Chatrou,51.1430524,6.0014301
Krista Tippett,39.7837304,-100.445882
Jacqueline Novogratz,49.1009451,1.9672466
Lisa Gansky,39.7837304,-100.445882
Madeleine Albright,50.0874654,14.4212535
Noreena Hertz,51.5871881,-0.1648137
Wadah Khanfar,32.3561008,35.1709493
JR,35.1319,128.7103
Wael Ghonim,30.0443879,31.2357257
Courtney E. Martin,38.8339578,-104.825348
Sal Khan,29.9899926,-90.1505426
Deb Roy,49.8955367,-97.1384584
David Brooks,43.6534817,-79.3839347
Janna Levin,31.2638905,-98.5456116
Rogier van der Heide,52.322419,4.5937366
Sarah Kay,40.7127281,-74.0060152
Isabel Behncke,-33.4377756,-70.6504502
Paul Root Wolpe,32.7884363,-79.9399309
Claron McFadden,40.7127281,-74.0060152
Sebastian Thrun,51.1721629,7.0845893
Morgan Spurlock,39.2667309,-81.5620755
Caroline Casey,-37.8142454,144.9631732
Jackson Browne,49.4093582,8.694724
David Christian,26.1223084,-80.1433786
Roger Ebert,40.1117174,-88.207301
Marcin Jakubowski,52.4082663,16.9335199
Susan Lim,2.7188285,101.9404831
Kathryn Schulz,41.4739419,-81.5370671
John Hunter,55.8455828,-4.4239646
Ric Elias,18.2247706,-66.4858295
Bruce Schneier,40.7127281,-74.0060152
Angela Belcher,29.4246002,-98.4951405
Mike Matas,47.6038321,-122.330062
Arvind Gupta,31.3323762,75.576889
Eli Pariser,44.2811892,-69.0086453
Carlo Ratti,45.0677551,7.6824892
Suzanne Lee,40.7985464,-81.3749508
Paul Nicklen,52.850059,-104.048767
Amit Sood,23.2584857,77.401989
Leonard Susskind,40.7127281,-74.0060152
Thomas Heatherwick,51.4893335,-0.14405508452768728
Terry Moore,34.1469416,-118.2478471
Aaron Koblin,34.0194704,-118.491227
Bruce Aylward,47.5614705,-52.7126162
Shirin Neshat,36.0156291,49.8398161
Mustafa Akyol,38.9597594,34.9249653
Malcolm McLaren,51.5578698,-0.0822482
Stefan Sagmeister,47.5025779,9.7472924
Aaron O'Connell,39.7589478,-84.1916069
Jack Horner,48.5054997,-111.856872
Janet Echelman,27.9477595,-82.458444
Alice Dreger,39.7837304,-100.445882
Maya Beiser,32.6382136,35.446739
Bill Ford,42.3315509,-83.0466403
Daniel Tammet,51.5402677,0.0793235
Jok Church,41.083064,-81.518485
Honor Harger,-45.8740984,170.5035755
Emiliano Salinas,19.4326296,-99.1331785
Rajesh Rao,51.5264341,-0.2839348
Robert Hammond,33.9528472,-84.5496148
Simon Lewis,41.4899827,-71.3137707
Nina Tandon,40.7127281,-74.0060152
Rebecca MacKinnon,37.8708393,-122.272863
Maajid Nawaz,51.5388241,0.7128137
Nadia Al-Sakkaf,-24.8400117,-65.4183594
Markus Fischer,47.3744489,8.5410422
Rory Stewart,51.5185075,-0.1787546
Geoffrey West,51.0147895,-3.1029086
Paul Bloom,45.5031824,-73.5698065
Josette Sheeran,40.7706562,-74.2326463
Harald Haas,49.5819105,10.6077372
Mark Pagel,47.6038321,-122.330062
Jessica Green,-42.035067,146.6366887
Philip Zimbardo,40.7127281,-74.0060152
Alex Steffen,37.8044557,-122.271356
Jeremy Gilley,50.9025349,-1.404189
Marco Tempest,47.3744489,8.5410422
Dan Ariely,40.7127281,-74.0060152
Svante Pääbo,59.3251172,18.0710935
Julia Bacha,-22.9110137,-43.2093727
Joan Halifax,43.703622,-72.288666
Lee Cronin,53.3493795,-6.2605593
Yasheng Huang,39.9057136,116.3912972
Misha Glenny,51.5074456,-0.1277653
Niall Ferguson,55.861155,-4.2501687
Amy Lockwood,45.4208777,-75.6901106
Abraham Verghese,9.0358287,38.7524127
Jarreth Merz,47.3744489,8.5410422
Ben Goldacre,51.4893335,-0.14405508452768728
Danielle de Niese,-37.8142454,144.9631732
Yang Lan,39.9057136,116.3912972
Steve Jobs,37.7790262,-122.419906
Alison Gopnik,39.9439109,-75.18376416294248
Richard Seymour,-33.928992,18.417396
Ian Ritchie,36.9096897,-77.2741121
Pamela Meyer,38.8950368,-77.0365427
Jae Rhim Lee,35.1594647,126.8515034
Bunker Roy,23.667122,86.9420671
Richard Wilkinson,53.3895177,-3.0248007
Malcolm Gladwell,50.8526637,-1.1783134
Béatrice Coron,45.5662672,5.9203636
Paul Lewis,-34.9281805,138.5999312
Aparna Rao,28.6138954,77.2090057
Allan Jones,52.5310214,-1.2649062
Roger McNamee,42.6511674,-73.754968
Michael Nielsen,55.6433478,12.0819247
Alexander Tsiaras,42.7656251,-71.4677032
Yves Rossy,46.9895828,6.9292641
Cynthia Kenyon,41.8755616,-87.6244212
Phil Plait,38.8950368,-77.0365427
Amy Purdy,36.1672559,-115.148516
John Bohannon,29.7589382,-95.3676974
Luis von Ahn,14.6424667,-90.5131361
Stefon Harris,42.6511674,-73.754968
Monika Bulaj,52.2337172,21.071432235636493
Pavan Sukhdev,28.6273928,77.1716954
Ramona Pierson,37.4443293,-122.1598465
Thomas Pogge,46.6509109,14.45082
Daniel Goldstein,39.7837304,-100.445882
Alberto Cairo,43.3709703,-8.3959425
AJ Jacobs,40.7127281,-74.0060152
Jane Fonda,34.0536909,-118.242766
Paddy Ashdown,28.6138954,77.2090057
Tyler Cowen,40.9678345,-74.0563254
Jonas Gahr Støre,59.9133301,10.7389701
Morley,-37.8142454,144.9631732
Alain de Botton,47.3744489,8.5410422
Julian Baggini,51.0791335,1.1794073
Diana Nyad,40.7127281,-74.0060152
Gayle Tzemach Lemmon,38.9933654,-76.88333238304114
Bjarke Ingels,55.6867243,12.5700724
Peter van Uhm,51.8474946,5.8637771
Shawn Achor,31.5491899,-97.1474628
Mike deGruy,30.6913462,-88.0437509
Nancy Duarte,39.7837304,-100.445882
Neil Burgess,42.3554334,-71.060511
Erik Johansson,44.133435,-70.822678
Keith Nolan,53.2014604,-6.1105049
Jenna McCarthy,41.2938384,-73.6765309
Inara George,39.396459050000004,-76.61481481790992
Neil MacGregor,55.861155,-4.2501687
Chris Bliss,38.8950368,-77.0365427
Shilo Shiv Suleman,12.9767936,77.590082
Avi Rubin,18.1694624,-77.9012847
Daniel Pauly,48.8588897,2.3200410217200766
Peter Diamandis,40.8466508,-73.8785937
Vijay Kumar,12.9767936,77.590082
Bryan Stevenson,38.7778049,-75.3101583
Andrew Stanton,42.6556507,-70.6203216
Jennifer Pahlka,39.6029087,-76.1132172
Larry Smith,35.2272086,-80.8430827
Adam Savage,40.7127281,-74.0060152
Jonathan Haidt,40.7127281,-74.0060152
Mark Raymond,50.7633176,-1.2985186
T. Boone Pickens,35.0826,-96.3999079
Taylor Wilson,33.4254259,-94.0430937
Billy Collins,40.7896239,-73.9598939
Jer Thorp,49.2608724,-123.113952
Peter Saul,39.2908816,-76.610759
Donald Sadoway,43.6534817,-79.3839347
Leymah Gbowee,7.0667725,-8.7059396
Ayah Bdeir,45.5031824,-73.5698065
Sherry Turkle,40.7127281,-74.0060152
Chip Kidd,40.335345,-75.9279495
Lucy McRae,51.5074456,-0.1277653
Frank Warren,52.4796992,-1.9026911
Frans de Waal,51.6889387,5.303116
Abigail Washburn,42.0470043,-87.6846053
Atul Gawande,40.7127281,-74.0060152
Drew Curtis,38.0464066,-84.4970393
Taryn Simon,40.7127281,-74.0060152
Brian Greene,34.1866193,-118.4486675
Michael Norton,52.865196,-7.9794599
Eduardo Paes,-6.07982,-49.8921071
Nancy Lublin,41.7620447,-72.7420399
Joe Smith,40.7127281,-74.0060152
Brenda Romero,44.694285,-75.486374
Amory Lovins,38.8950368,-77.0365427
Gary Kovacs,43.6534817,-79.3839347
Tavi Gevinson,41.8755616,-87.6244212
Michael Tilson Thomas,34.0536909,-118.242766
Karen Bass,34.0536909,-118.242766
Joshua Foer,38.8950368,-77.0365427
David Kelley,44.5520105,-69.6317121
Nathan Wolfe,42.3315509,-83.0466403
Philippe Petit,44.5007939,0.164274
Reggie Watts,48.7784485,9.1800132
David MacKay,58.404267000000004,-3.4340269886950203
Ken Goldberg,7.3777462,3.8972497
Dalia Mogahed,37.0057958,-89.1772449
Seth Shostak,38.8769326,-77.0893094
John Hodgman,42.3317642,-71.1211635
John Hockenberry,39.7589478,-84.1916069
Beeban Kidron,41.332052,19.8048247
Sarah Parcak,44.8016255,-68.7713289
LZ Granderson,42.3315509,-83.0466403
Rodney Mullen,29.6519684,-82.3249846
Rives,34.0536909,-118.242766
Massimo Banzi,45.6395418,9.278830418070044
Don Tapscott,43.6534817,-79.3839347
Mina Bissell,35.6892523,51.3896004
Matt Mills,33.7690164,-118.191604
Neil Harbisson,41.5398348,2.4448926
James Stavridis,26.715364,-80.0532942
Malte Spitz,51.983522,7.784859
Tracy Chevalier,38.8950368,-77.0365427
Ramesh Raskar,22.3511148,78.6677428
Michael Anti,25.24475795,55.17926285998681
Daphne Koller,31.7788242,35.2257626
Hannah Fry,51.7676194,0.0974893
Scilla Elworthy,55.616418,-2.8070791
Margaret Heffernan,31.2638905,-98.5456116
Lisa Kristine,37.7790262,-122.419906
Mark Forsyth,52.5310214,-1.2649062
Ivan Krastev,42.6817633,26.3153528
Jon Ronson,51.4816546,-3.1791934
Robert Neuwirth,41.083064,-81.518485
Antony Gormley,51.5074456,-0.1277653
Kent Larson,40.7127281,-74.0060152
Scott Fraser,45.4208777,-75.6901106
Vikram Patel,18.9733536,72.82810491917377
Leslie T. Chang,40.7127281,-74.0060152
Susan Solomon,41.8755616,-87.6244212
Wayne McGregor,53.407901,-2.160243
Tristram Stuart,51.5074456,-0.1277653
Sarah-Jayne Blakemore,52.2055314,0.1186637
John Lloyd,14.5436995,120.9946503
Amy Cuddy,40.9699889,-77.7278831
Thomas P. Campbell,1.357107,103.8194992
John Maeda,47.6038321,-122.330062
Ruby Wax,42.0470043,-87.6846053
Melissa Marshall,-24.7761086,134.755
Maurizio Seracini,43.7698712,11.2555757
Eddie Obeng,8.0300284,-1.0800271
Heather Brooke,40.9699889,-77.7278831
Ryan Merkley,43.447436,-79.666672
Pankaj Ghemawat,26.2967719,73.0351433
David Pizarro,-33.0458456,-71.6196749
Lemn Sissay,53.5258264,-2.7172771
Jake Wood,40.6639916,-74.2107006
Gary Greenberg,40.6526006,-73.9497211
Arunachalam Muruganantham,11.0018115,76.9628425
David Binder,34.0536909,-118.242766
Candy Chang,22.350627,114.1849161
Ernesto Sirolli,42.099337,14.331615
Jonas Eliasson,59.3113619,14.11176
Janine Shepherd,-33.6876398,151.0267199
Bobby Ghosh,22.3511148,78.6677428
Jeff Smith,61.0666922,-107.991707
Lemon Andersen,40.6526006,-73.9497211
Ellen 't Hoen,50.8775239,5.981506585454879
Ben Saunders,26.1223084,-80.1433786
Adam Davidson,34.0536909,-118.242766
Karen Thompson Walker,32.7174202,-117.1627728
Sue Austin,52.4796992,-1.9026911
Jarrett J. Krosoczka,42.2625621,-71.8018877
Boghuma Kabisen Titanji,3.8689867,11.5213344
Andy Puddicombe,51.4538022,-2.5972985
Cameron Russell,52.2055314,0.1186637
Janine di Giovanni,40.0757384,-74.4041622
Colin Powell,40.7127281,-74.0060152
Leslie Morgan Steiner,38.8950368,-77.0365427
iO Tillett Wright,40.7127281,-74.0060152
Cesar Kuriyama,-12.0621065,-77.0365256
Edi Rama,41.3281482,19.8184435
Shabana Basij-Rasikh,7.87471,38.0311
Esther Perel,51.2211097,4.3997081
Miguel Nicolelis,-23.5506507,-46.6333824
Andreas Schleicher,53.5672881,9.941726150411604
Michael Dickinson,54.666667,-1.75
Bruno Maisonnier,48.8709053,2.2255727
Jennifer Granholm,49.2608724,-123.113952
Amanda Palmer,40.7127281,-74.0060152
Allan Savory,-20.1053948,28.5426856
Shane Koyczan,62.4540807,-114.377385
Dan Pallotta,42.4250964,-71.066163
David Anderson,-36.5986096,144.6780052
Stewart Brand,42.2713945,-89.093966
Bono,53.3493795,-6.2605593
Elon Musk,-25.7459277,28.1879101
Francis Collins,38.1495947,-79.072557
Mark Shaw,40.7127281,-74.0060152
Kees Moeliker,51.9244424,4.47775
Ken Jennings,40.7215682,-74.047455
Rose George,53.741427099999996,-1.7202003766777243
Joshua Prager,40.7127281,-74.0060152
John McWhorter,39.9527237,-75.1635262
Robert Gordon,40.4416941,-79.9900861
Michael Stevens,38.8950368,-77.0365427
David Pogue,41.4739419,-81.5370671
Sebastião Salgado,-19.4917754,-41.0615603
Geoffrey Canada,40.8506558,-73.8665241
Liu Bolin,36.398987,118.5055691
Sergey Brin,46.7323875,-117.000165
Peter Singer,-37.8142454,144.9631732
Phil Hansen,46.00275,-98.527046
Paola Antonelli,40.7232643,8.5610074
Andrew Solomon,40.7896239,-73.9598939
Anas Aremeyaw Anas,5.5571096,-0.2012376
Martin Villeneuve,46.3432325,-72.5428485
Raffaello D'Andrea,45.9562503,12.6597197
Daniel Suarez,42.3875968,-71.0994968
Manal al-Sharif,33.5511969,-116.06970822122544
Didier Sornette,48.8588897,2.3200410217200766
Juliana Rotich,1.4419683,38.4313975
Joseph Kim,39.7837304,-100.445882
Paul Pholeros,-33.8698439,151.2082848
Peter Attia,43.6534817,-79.3839347
Rodney Brooks,-34.9281805,138.5999312
Eric X. Li,31.2323437,121.4691024
Michael Green,52.5310214,-1.2649062
Jack Andraka,39.0197327,-76.59026765175719
Bernie Krause,42.3315509,-83.0466403
Pico Iyer,51.7520131,-1.2578499
John Searle,39.7392364,-104.984862
Kate Stone,32.2506391,-90.4793259
Eli Beer,31.7788242,35.2257626
Julie Taymor,30.8118989,-93.740504
Beardyman,51.5074456,-0.1277653
Shigeru Ban,35.6840574,139.7744912
May El-Khalil,51.1356779,-3.1610204
Adam Spencer,-33.8698439,151.2082848
Kelly McGonigal,39.9527237,-75.1635262
Chrystia Freeland,56.2325402,-117.3133647
Alexa Meade,38.8950368,-77.0365427
George Monbiot,51.4989948,-0.1991229
Sonia Shah,40.7127281,-74.0060152
Apollo Robbins,34.1847936,-101.706841
Marla Spivak,39.7392364,-104.984862
Benjamin Barber,40.7127281,-74.0060152
Elizabeth Loftus,34.0536909,-118.242766
Onora O'Neill,54.9092437,-6.0770388
James Flynn,38.8950368,-77.0365427
Amy Webb,41.8755616,-87.6244212
Jason Pontin,51.5074456,-0.1277653
Michael Porter,50.7179472,-1.981521
Janette Sadik-Khan,37.7790262,-122.419906
Trita Parsi,31.3230637,48.67932
Andrew Fitzgerald,39.2908816,-76.610759
Amanda Bennett,52.2055314,0.1186637
Iwan Baan,52.600853799999996,4.817099446443963
Hetain Patel,53.5782863,-2.4300367
Steve Howard,42.3554334,-71.060511
Charles Robertson,53.3493795,-6.2605593
Xavier Vilalta,41.6330928,0.895495
Mariana Mazzucato,41.8933203,12.4829321
Abha Dawesar,28.6138954,77.2090057
Holly Morris,41.8755616,-87.6244212
Arthur Benjamin,34.6627495,-106.7762
Chris Downey,52.5310214,-1.2649062
Mohamed Ali,2.0349312,45.3419183
Stefan Larsson,58.2827931,12.2908612
Lian Pin Koh,1.357107,103.8194992
Jared Diamond,42.3554334,-71.060511
Suzana Herculano-Houzel,-22.9110137,-43.2093727
David Steindl-Rast,48.2083537,16.3725042
Sally Kohn,40.6022059,-75.4712794
David Lang,34.0536909,-118.242766
Enrique Peñalosa,38.8950368,-77.0365427
Diébédo Francis Kéré,7.6122,8.8469
Stephen Cave,40.8584328,-74.1637553
Krista Donaldson,44.648618,-63.5859487
Mick Cornett,35.4729886,-97.5170536
Maysoon Zayid,40.0757384,-74.4041622
Roger Stein,47.3744489,8.5410422
Harish Manwani,22.3511148,78.6677428
Mark Kendall,44.9772995,-93.2654692
Guy Hoffman,45.4208777,-75.6901106
Anant Agarwal,28.6273928,77.1716954
Anne Milgram,40.4278841,-74.415984
Maya Penn,33.7489924,-84.3902644
Esta Soler,41.1670412,-73.2048348
Teddy Cruz,14.6424667,-90.5131361
David Puttnam,51.6281547,-0.123596
Rupal Patel,18.9733536,72.82810491917377
Christopher Ryan,51.5122764,-0.1883854
Henry Lin,35.000074,104.999927
Mary Lou Jepsen,51.4837886,-0.6040418665032687
Philip Evans,40.2932319,-74.1671114
Christopher Soghoian,37.7790262,-122.419906
Gabe Barcia-Colombo,34.0536909,-118.242766
Ajit Narayanan,22.3511148,78.6677428
Anne-Marie Slaughter,38.029306,-78.4766781
Carin Bondar,49.2067726,-122.9108818
Edward Snowden,36.2956836,-76.2247697
Chris Hadfield,42.9743821,-82.403533
Richard Ledgett,39.0197327,-76.59026765175719
Larry Page,42.7320307,-84.4721678
Ziauddin Yousafzai,34.83472975,72.79389622887635
Bran Ferren,40.7127281,-74.0060152
Ed Yong,4.5693754,102.2656823
Hugh Herr,40.08067,-76.2411283
Geena Rocero,14.5906346,120.9799964
Allan Adams,4.6529539,-74.0835643
Amanda Burden,40.7127281,-74.0060152
Matthew Carter,51.5074456,-0.1277653
Michel Laberge,52.4760892,-71.8258668
Elizabeth Gilbert,41.5538091,-73.0438362
Wendy Chung,41.7370229,-99.5873816
David Epstein,40.7127281,-74.0060152
Sarah Jones,51.4893335,-0.14405508452768728
Mellody Hobson,41.8755616,-87.6244212
Randall Munroe,40.6916081,-75.2099866
Mark Ronson,51.5109995,-0.2055267
William Black,52.865196,-7.9794599
Kevin Briggs,-45.8740984,170.5035755
Chris Kluwe,39.9527237,-75.1635262
Wes Moore,38.9778882,-77.0074765
Sebastian Junger,48.4086571,7.2386756
Stephen Friend,41.0534302,-73.5387341
Sting,41.2587459,-95.9383758
Dan Gilbert,42.3315509,-83.0466403
Yoruba Richen,40.7127281,-74.0060152
Stella Young,-37.0586869,142.7745476
Keren Elazari,32.0852997,34.7818064
Uri Alon,30.8124247,34.8594762
Kwame Anthony Appiah,51.4893335,-0.14405508452768728
Naomi Oreskes,40.7127281,-74.0060152
Ge Wang,39.9057136,116.3912972
George Takei,34.0536909,-118.242766
Joi Ito,35.021041,135.7556075
Nicholas Negroponte,40.7127281,-74.0060152
Renata Salecl,46.509144,15.0790677
David Chalmers,-24.7761086,134.755
Hubertus Knabe,51.5348835,7.689014
Janet Iwasa,39.1670396,-86.5342881
Megan Washington,-9.4743301,147.1599504
Talithia Williams,39.9622601,-83.0007065
Nick Hanauer,40.7127281,-74.0060152
Eric Liu,53.5462055,-113.491241
Clint Smith,29.9759983,-90.0782127
Aziza Chaouni,34.0346534,-5.0161926
Laurel Braitman,39.7837304,-100.445882
Ziyah Gafić,43.8519774,18.3866868
Martin Rees,53.9590555,-1.0815361
Jim Holt,40.7127281,-74.0060152
Isabel Allende,-12.0621065,-77.0365256
Colin Grant,51.9464129,-0.2791646
Zak Ebrahim,40.4416941,-79.9900861
Uldus Bakhtiozina,27.7700475,-82.6359078
Andrew Connolly,53.3493795,-6.2605593
Mac Barnett,36.7014631,-118.755997
Avi Reichental,30.8124247,34.8594762
Eman Mohammed,13.4115414,43.5570871
Moshe Safdie,32.799313,34.989571715728204
Nancy Kanwisher,41.5238207,-70.669259
Daria van den Bercken,52.0907006,5.1215634
Thomas Piketty,48.9026,2.30551
Dilip Ratha,20.609518299999998,83.16730287009958
Glenn Greenwald,40.7135078,-73.8283132
Jorge Soto,-17.0568696,-64.9912286
Fred Swaniker,5.5571096,-0.2012376
Fabien Cousteau,48.8588897,2.3200410217200766
Frans Lanting,51.9244424,4.47775
Debra Jarvis,52.6362,-1.1331969
Ameenah Gurib-Fakim,-20.2759451,57.5703566
Ramanan Laxminarayan,0.3177137,32.5813539
Ethan Nadelmann,40.7127281,-74.0060152
Leana Wen,31.2323437,121.4691024
Joe Landolina,41.6081385,-74.2988744
Mark Plotkin,41.7728699,-88.1479278
Aakash Odedra,52.4796992,-1.9026911
Jeremy Howard,51.5074456,-0.1277653
Mundano,-23.5506507,-46.6333824
Erin McKean,35.2272086,-80.8430827
Asha de Vos,7.5554942,80.7137847
Aziz Abu Sarah,31.7731513,35.259589
Navi Radjou,10.91564885,79.80694879844232
Robert Swan,41.8755616,-87.6244212
Robert Muggah,43.6534817,-79.3839347
Cristina Domenech,36.7213028,-4.4216366
Matthieu Ricard,45.6886292,5.9146362
Joe Madiath,9.5175677,76.7668935
Khadija Gbla,8.6400349,-11.8400269
Bassam Tariq,24.6254905,46.5617337
Brian Dettmer,41.7728699,-88.1479278
Ricardo Semler,-23.5506507,-46.6333824
Nadine Burke Harris,49.2608724,-123.113952
Laura Boushnak,-0.1665291,35.6736908
Angelo Vermeulen,51.1646685,4.1395124
Rob Knight,-45.8740984,170.5035755
Khalida Brohi,17.360589,78.4740613
Ben Wellington,51.0147895,-3.1029086
Harry Baker,51.4634854,0.1480552
Andy Yen,24.163162,120.6478282
Ilona Szabó de Carvalho,-22.30616605,-42.4934183305119
Marc Kushner,39.7837304,-100.445882
Vincent Cochetel,47.3900474,0.6889268
David Eagleman,35.0841034,-106.650985
Joseph DeSimone,39.7837304,-100.445882
Monica Lewinsky,37.7790262,-122.419906
Fei-Fei Li,39.9057136,116.3912972
Anand Giridharadas,41.4739419,-81.5370671
Theaster Gates,41.8755616,-87.6244212
Alison Killing,54.9738474,-1.6131572
Daniel Kish,34.0159398,-118.111975
Kevin Rudd,-26.6257326,152.959953
Bel Pesce,-23.5506507,-46.6333824
Eduardo Sáenz de Cabezón,42.4661196,-2.4396676
Barat Ali Batoor,-23.1360145,146.95107755720153
Kailash Satyarthi,23.5208128,77.8063184
Takaharu Tezuka,35.6840574,139.7744912
Chris Milk,40.7127281,-74.0060152
Nizar Ibrahim,52.5170365,13.3888599
Nick Bostrom,56.0442098,12.703706
Sophie Scott,53.749326,-2.4840566
Alice Goffman,39.7837304,-100.445882
Pamela Ronald,37.5780965,-122.3473099
Bill T. Jones,29.4657731,-81.2576832
Dawn Landes,38.2542376,-85.759407
Roman Mars,40.2253569,-82.6881395
Martine Rothblatt,41.8755616,-87.6244212
Chris Burkard,35.3540209,-120.375716
Jeffrey Brown,42.3554334,-71.060511
Yassmin Abdel-Magied,-4.3554206,15.306724334350495
Sara Seager,43.6534817,-79.3839347
Jimmy Nelson,41.8755616,-87.6244212
Laura Schulz,54.4134478,23.230945055746446
Tony Fadell,42.3315509,-83.0466403
Suki Kim,37.5666791,126.9782914
Donald Hoffman,29.4246002,-98.4951405
Rana el Kaliouby,37.0057958,-89.1772449
Steve Silberman,42.4396039,-76.4968019
LaToya Ruby Frazier,46.5644311,-100.0909421
Joey Alexander,-8.6524973,115.2191175
Roxane Gay,41.2587459,-95.9383758
Jimmy Carter,52.4796992,-1.9026911
Latif Nasser,43.5896231,-79.6443879
Memory Banda,-31.5639055,28.7933032
Johann Hari,55.861155,-4.2501687
Salvatore Iaconesi,42.790216599999994,10.340278678735025
Marlene Zuk,39.9527237,-75.1635262
Alaa Murabit,52.131802,-106.660767
John Green,56.7861112,-4.1140518
eL Seed,48.8264842,2.1257808
Yuval Noah Harari,32.79931045,35.09756462563476
Rich Benjamin,39.7837304,-100.445882
Matt Kenyon,-33.465,151.4344444
Patience Mthunzi,-26.2227778,27.89
Manuel Lima,37.80855645,-25.473137391245295
Dustin Yellin,34.0536909,-118.242766
Jim Al-Khalili,2.1565307,42.1630707
Robin Murphy,30.6913462,-88.0437509
Wendy Freedman,43.6534817,-79.3839347
Elizabeth Nyamayaro,-18.4554963,29.7468414
Jamie Bartlett,51.5074456,-0.1277653
Jim Simons,40.4416941,-79.9900861
Alan Eustace,39.7837304,-100.445882
Billie Jean King,33.7690164,-118.191604
David Rothkopf,40.1117174,-88.207301
Michael Kimmel,50.4302393,7.466302
Sakena Yacoobi,34.3508273,62.2164003
Mary Robinson,54.1143359,-9.1532099
Robin Morgan,51.4214787,-0.2064027
Samuel Cohen,46.4834798,24.4574193
Taiye Selasi,51.5074456,-0.1277653
Martin Pistorius,-26.205,28.049722
Siddhartha Mukherjee,28.6138954,77.2090057
Neri Oxman,32.8191218,34.9983856
Anders Fjellberg,59.01486705000001,10.501120179400683
Jennifer Doudna,38.8950368,-77.0365427
Christine Sun Kim,33.7500378,-117.8704931
Daniel Levitin,37.7790262,-122.419906
Kaki King,33.7489924,-84.3902644
Chelsea Shields,40.2337289,-111.6587085
Jean-Paul Mari,36.7753606,3.0601882
Josh Luber,39.9527237,-75.1635262
Anote Tong,3.872,-159.31701784999998
Marina Abramović,45.773279,-111.184535
Chieko Asakawa,31.0637904,-87.2238626
Guillaume Néry,43.7009358,7.2683912
Raymond Wang,49.2608724,-123.113952
Paul Greenberg,40.7127281,-74.0060152
António Guterres,38.7077507,-9.1365919
Jason deCaires Taylor,51.1251275,1.3134228
James Veitch,55.4776435,-2.5553768
Ole Scheeren,49.0068705,8.4034195
Jill Heinerth,43.6534817,-79.3839347
Achenyo Idachaba,39.7837304,-100.445882
Yanis Varoufakis,33.9597677,-83.376398
David Gruber,49.8349139,18.2820084
Linda Liukas,60.1674881,24.9427473
Matthew Williams,34.0536909,-118.242766
Dorothy Roberts,41.8755616,-87.6244212
Jocelyne Bloch,46.2047169,6.1423106290939335
Celeste Headlee,33.9708782,-118.030839
Shonda Rhimes,41.8755616,-87.6244212
Al Gore,38.8950368,-77.0365427
Ivan Coyote,60.721571,-135.054932
Russ Altman,40.6526006,-73.9497211
Alexander Betts,51.4538022,-2.5972985
Travis Kalanick,34.0536909,-118.242766
Reshma Saujani,40.0796606,-89.4337288
Tshering Tobgay,9.2905517,42.1885672
Joe Gebbia,33.7489924,-84.3902644
Tim Urban,47.2455013,-122.438329
Arthur Brooks,52.4142766,1.6663769
Meron Gribetz,30.8124247,34.8594762
Siyanda Mohutsiwa,-26.5624806,31.3991317
Alex Kipman,-25.4295963,-49.2712724
Angélica Dass,-22.9110137,-43.2093727
Adam Grant,42.567616099999995,-83.35925641168916
Parag Khanna,26.4609135,80.3217588
Danielle Feinberg,40.0149856,-105.270545
Robert Palmer,22.350627,114.1849161
Linus Torvalds,60.1674881,24.9427473
Hugh Evans,-37.8142454,144.9631732
Astro Teller,52.2055314,0.1186637
Mary Norris,41.4996574,-81.6936772
Christiana Figueres,9.9325427,-84.0795782
Aditi Gupta,24.15529035,83.82522584408349
Kenneth Lacovara,40.0757384,-74.4041622
R. Luke DuBois,40.7992398,-74.4774358537687
Sarah Gray,-39.390298,175.4230111
Alice Rawsthorn,53.4794892,-2.2451148
Monica Byrne,40.2663107,-76.8861122
Sanford Biggers,34.0536909,-118.242766
Lidia Yuknavitch,37.7790262,-122.419906
Adam Driver,32.7174202,-117.1627728
Samantha Nutt,54.2820009,-0.4011868
Norman Lear,41.3082138,-72.9250518
Cédric Villani,45.1584982,1.5332389
Negin Farsad,41.3082138,-72.9250518
Jamila Raqib,14.4859561,121.0397812
Andrew Pelling,52.5847651,-2.127567
Gill Hicks,-34.9281805,138.5999312
Brian Little,54.9738474,-1.6131572
Julia Galef,38.9959461,-77.0276231
John Legend,39.7990175,-89.6439575
Marwa Al-Sabouni,34.725541449999994,36.70738875101476
Gerard Ryle,52.14533445,-9.517401092833236
Anthony Goldbloom,-37.8142454,144.9631732
Martin Reeves,52.4796992,-1.9026911
Ngozi Okonjo-Iweala,6.1817718,6.532877
Dave Brain,52.0553813,-2.7151735
James Green,42.3554334,-71.060511
Vanessa Ruiz,18.465299,-66.116666
Christopher Bell,41.8755616,-87.6244212
Jonathan Tepperman,51.4837886,-0.6040418665032687
Franz Freudenthal,-16.4955455,-68.1336229
Michael Shellenberger,38.7251776,-105.607716
Michael Murphy,34.0536909,-118.242766
Helen Fisher,39.7837304,-100.445882
Sayu Bhojwani,22.3511148,78.6677428
Isaac Lidsky,25.7741728,-80.19362
Rainn Wilson,47.6038321,-122.330062
Melissa Walker,53.5462055,-113.491241
Ian Bremmer,51.4875167,-0.1687007
Alyssa Monks,40.9796683,-74.1194403
Kimberlé Crenshaw,32.555664,-95.8640507
Bettina Warburg,53.5672881,9.941726150411604
Sandi Toksvig,55.6867243,12.5700724
Danny Dorling,51.7520131,-1.2578499
Chinaka Hodge,37.8044557,-122.271356
Sam Kass,41.8755616,-87.6244212
Dan Bricklin,39.9527237,-75.1635262
Alejandro Sánchez Alvarado,10.5060934,-66.9146008
Ashley Judd,34.2661558,-118.5174342
Jeanne Gang,42.2579991,-88.841734
Deeyah Khan,59.9133301,10.7389701
Deepika Kurup,42.7656251,-71.4677032
Alan Smith,52.4796992,-1.9026911
Sue Klebold,39.9622601,-83.0007065
Nagin Cox,12.9767936,77.590082
Joshua Smith,47.6038321,-122.330062
Lara Setrakian,39.7837304,-100.445882
Grady Booch,35.2072185,-101.833824
Charity Wayua,1.4419683,38.4313975
Sara Ramirez,23.2035785,-106.4208391
Megan Phelps-Roper,39.049011,-95.677556
Caroline Paul,40.7127281,-74.0060152
Jude Kelly,53.4071991,-2.99168
Joy Buolamwini,53.5462055,-113.491241
John Koenig,47.2455013,-122.438329
Caitlin Doughty,21.48343645,-158.03648372697478
Peggy Orenstein,44.9772995,-93.2654692
Michael Botticelli,42.3554334,-71.060511
Emtithal Mahmoud,44.0513467,-94.8380398
Casey Brown,-45.0321923,168.661
Katie Bouman,40.4258686,-86.9080655
David R. Williams,12.5013629,-69.9618475
Todd Scott,29.3872254,-94.992736
Zubaida Bai,13.0836939,80.270186
Chimamanda Ngozi Adichie,6.4499833,7.5000007
Siamak Hariri,50.735851,7.10066
Stephanie Busari,6.4550575,3.3941795
Siddhartha Roy,22.9964948,87.6855882
Lisa Genova,39.7837304,-100.445882
Deborah Lipstadt,40.7127281,-74.0060152
Carolyn Jones,49.2608724,-123.113952
Jorge Drexler,-34.9058916,-56.1913095
Stuart Russell,51.2715316,-0.3414523511290909
Ted Halstead,41.8755616,-87.6244212
Rutger Bregman,52.311189,4.6350921
Nina Fedoroff,41.4996574,-81.6936772
Garry Kasparov,40.3755885,49.8328009
Raj Panjabi,6.328034,-10.797788
Rhiannon Giddens,36.0726355,-79.7919754
Michael Bierut,41.4996574,-81.6936772
Anne Lamott,37.7790262,-122.419906
Richard Browning,37.7447765,-81.81101226617179
Jim Yong Kim,37.5666791,126.9782914
David Miliband,51.5074456,-0.1277653
Luma Mufleh,38.1360906,40.0540976
Jorge Ramos,-34.9058916,-56.1913095
Anil Seth,52.5310214,-1.2649062
Noah Feldman,42.3554334,-71.060511
Susan Robinson,41.4996574,-81.6936772
Grace Kim,34.0536909,-118.242766
Jimmy Lin,25.0375198,121.5636796
Titus Kaphar,42.291707,-85.5872286
Ingrid Betancourt,4.6529539,-74.0835643
Françoise Mouly,48.8588897,2.3200410217200766
Anjan Chatterjee,28.6138954,77.2090057
David Baron,48.9148269,2.2674892
Manoush Zomorodi,40.3496953,-74.6597376
Jack Conte,37.7790262,-122.419906
Richard J. Berry,42.498275,-92.3328743
Susan Pinker,45.5031824,-73.5698065
Cathy O'Neil,39.7837304,-100.445882
Iyad Rahwan,39.8239684,-80.4461845
David Whyte,51.5074456,-0.1277653
Robin Hanson,59.416667,17.766667
Carolyn Bertozzi,42.3554334,-71.060511
Laolu Senbanjo,8.4963657,4.5480484
Wanuri Kahiu,-1.2832533,36.8172449
Noriko Arai,35.6840574,139.7744912
Jennifer Granick,40.805378,-74.2037566
Daan Roosegaarde,52.1500947,4.7761706
Ray Dalio,40.7556561,-73.8857755
Tomás Saraceno,-26.8303703,-65.2038133
Alexander Wagner,52.5170365,13.3888599
Helen Czerski,53.4794892,-2.2451148
Sethembile Msezane,-28.94369405,30.47038498243574
Sinéad Burke,53.651908,-6.6833615
Sandra Aamodt,37.7790262,-122.419906
Thandie Newton,51.4893335,-0.14405508452768728
Antonio Damasio,38.7077507,-9.1365919
Rokia Traoré,13.577326,-8.031273
J.J. Abrams,40.7127281,-74.0060152
Paul Tudor Jones II,35.1460249,-90.0517638
Sherwin Nuland,40.7127281,-74.0060152
Frank Gehry,43.6534817,-79.3839347
Elyn Saks,25.7741728,-80.19362
Kary Mullis,35.2590371,-77.6484879
Daniel Goleman,37.9577016,-121.2907796
Bjorn Lomborg,55.678016,12.5326186
"David Byrne, Ethel + Thomas Dolby",55.9432443,-4.5708479
Thom Mayne,41.5538091,-73.0438362
Tony Robbins,34.0536909,-118.242766
Joshua Prince-Ramus,39.7837304,-100.445882
Dan Dennett,42.3554334,-71.060511
Rick Warren,37.3361663,-121.890591
Cameron Sinclair,-38.2015815,145.242198
Jehane Noujaim,38.8950368,-77.0365427
Larry Brilliant,42.3315509,-83.0466403
Jeff Han,42.3315509,-83.0466403
Ross Lovegrove,51.4816546,-3.1791934
Jimmy Wales,34.729847,-86.5859011
David Deutsch,32.799313,34.989571715728204
Steven Levitt,42.3554334,-71.060511
Aubrey de Grey,51.4893335,-0.14405508452768728
Iqbal Quadir,23.1665256,89.2094419
Burt Rutan,45.2864689,-122.334259
Edward Burtynsky,43.1579812,-79.2441003
Ray Kurzweil,40.7127281,-74.0060152
Dean Ornish,32.7762719,-96.7968559
Wade Davis,49.3311208,-123.159479
Robert Wright,38.3505995,-81.6332812
Saul Griffith,-33.8698439,151.2082848
Neil Gershenfeld,40.004128,-75.28828930301155
Bill Clinton,33.6670616,-93.5915665
James Nachtwey,43.0481221,-76.1474244
Jane Goodall,51.4893335,-0.14405508452768728
James Watson,41.8755616,-87.6244212
Chris Bangle,41.157557,-81.242047
Nora York,40.9256538,-73.140943
Paul Bennett,53.7974185,-1.5437941
Vik Muniz,-23.5506507,-46.6333824
Janine Benyus,40.0757384,-74.4041622
Golan Levin,40.7127281,-74.0060152
Jill Sobule,39.7392364,-104.984862
Evelyn Glennie,57.4254912,-2.2396615
Tom Rielly,41.2951037,-92.6448451
Stew,34.0536909,-118.242766
John Doerr,38.6280278,-90.1910154
Robert Thurman,40.7127281,-74.0060152
Emily Oster,41.3082138,-72.9250518
Will Wright,33.7489924,-84.3902644
William Kamkwamba,-12.992487650000001,33.472356695915096
Chris Abani,5.8837902,7.9372068
Vusi Mahlasela,-25.7459277,28.1879101
Jeff Skoll,45.5031824,-73.5698065
Andrew Mwenda,0.6561907,30.2779432
Theo Jansen,52.1067449,4.2736937
Steven Pinker,45.5031824,-73.5698065
Carolyn Porco,40.8466508,-73.8785937
Kenichi Ebina,40.9921996,-75.9078749
Richard Branson,51.4893335,-0.14405508452768728
Hod Lipson,32.799313,34.989571715728204
Maira Kalman,32.0852997,34.7818064
VS Ramachandran,10.9094334,78.3665347
Ron Eglash,39.2089986,-76.0666126
Philippe Starck,48.8588897,2.3200410217200766
Yossi Vardi,32.0852997,34.7818064
David Gallo,-35.2975906,149.1012676
Raul Midon,36.2071515,-105.9610104
Bill Strickland,40.4416941,-79.9900861
Alison Jackson,53.3554224,-110.8500787
David Macaulay,52.802742,-1.629917
Michael Pollan,40.85149705,-73.0994258107431
Howard Rheingold,33.4484367,-112.074141
Pamelia Kurstin,36.7014631,-118.755997
Steve Jurvetson,34.395342,-111.763275
Alan Kay,42.1018764,-72.5886727
Jill Bolte Taylor,38.2542376,-85.759407
Dave Eggers,42.3554334,-71.060511
Karen Armstrong,52.37567315,-2.0641958803780227
Neil Turok,-26.205,28.049722
Norman Foster,53.4372674,-2.159912
Clifford Stoll,42.8867166,-78.8783922
David Hoffman,29.4246002,-98.4951405
Yochai Benkler,32.07011235,34.80986543747588
Amy Tan,40.7127281,-74.0060152
They Might Be Giants,51.4816546,-3.1791934
Hector Ruiz,28.7041725,-100.5148362
Paul Stamets,40.9008923,-80.8567502
Robert Ballard,37.6922361,-97.3375448
Yves Behar,46.5218269,6.6327025
Arthur Ganson,41.764582,-72.6908547
Susan Blackmore,51.4893335,-0.14405508452768728
Chris Jordan,13.082618,-59.537437518423914
Benjamin Zander,51.58521845,-0.5616400011849038
Martin Seligman,42.6511674,-73.754968
Louise Leakey,-1.3026148499999999,36.82884201813725
Kwabena Boahen,5.5571096,-0.2012376
Robert Lang,50.6406644,13.8244461
Spencer Wells,33.9528472,-84.5496148
David Griffin,53.2593422,-1.9100768
Lennart Green,57.7594186,16.6385035
Ian Dunbar,54.7023545,-3.2765753
Brewster Kahle,40.7127281,-74.0060152
David Perry,50.362174,8.6428355
Doris Kearns Goodwin,40.7127281,-74.0060152
Garrett Lisi,34.0536909,-118.242766
Virginia Postrel,34.851354,-82.3984882
Jackie Tabick,53.3493795,-6.2605593
James Forbes,45.4208777,-75.6901106
Feisal Abdul Rauf,-0.1665291,35.6736908
James Surowiecki,41.5381535,-72.8070435
John Francis,40.5200187,-74.2745215
Luca Turin,33.88922645,35.50255852895232
Lee Smolin,40.7127281,-74.0060152
Samantha Power,51.4893335,-0.14405508452768728
Charles Elachi,33.8522753,36.017612359012865
Isaac Mizrahi,40.65080065,-73.95635839526017
George Smoot,30.2346844,-81.6981513
Bill Joy,32.5135356,-93.7477839
Gregory Petsko,38.8950368,-77.0365427
Richard Preston,44.694285,-75.486374
Philip Rosedale,32.7174202,-117.1627728
David Holt,42.4393707,-123.3272489
Jay Walker,34.0536909,-118.242766
Steven Strogatz,41.8006523,-73.1212214
Jennifer 8. Lee,40.7127281,-74.0060152
Paul Sereno,41.7571701,-88.3147539
Paul Moller,49.116667,-117.55
Scott McCloud,42.3554334,-71.060511
Paula Scher,38.8950368,-77.0365427
Barry Schuler,40.7215682,-74.047455
Sylvia Earle,39.82410645,-75.27820967980284
Ed Ulbrich,30.2711286,-97.7436995
Charles Moore,50.8553888,0.5824703
Richard Pyle,21.393825200000002,-157.73386731074743
Evan Williams,41.2152927,-97.8358893
Brenda Laurel,39.9622601,-83.0007065
Eric Lewis,39.9448402,-75.1198911
Nathaniel Kahn,39.9527237,-75.1635262
Bonnie Bassler,41.8755616,-87.6244212
Shai Agassi,32.0686867,34.8246812
Tim Ferriss,40.9633868,-72.1847598
Nate Silver,42.7320307,-84.4721678
Michael Merzenich,44.5363364,-122.9072329
Laurie Garrett,34.0536909,-118.242766
Mae Jemison,34.6060203,-86.9838165
Tom Shannon,44.9772995,-93.2654692
Louise Fresco,52.6938237,6.197767
Mary Roach,43.6928489,-72.2217561
Michelle Obama,41.8755616,-87.6244212
Yann Arthus-Bertrand,48.8588897,2.3200410217200766
John La Grou,17.7289564,-64.75901597858353
Diane Benscoter,40.7127281,-74.0060152
Qi Zhang,37.4363704,116.3534091
Daniel Libeskind,51.7687323,19.4569911
Olafur Eliasson,55.6867243,12.5700724
Nina Jablonski,42.716293,-78.828717
Gordon Brown,55.8048318,-4.2946743
Michael Pritchard,45.3838546,-122.766351
Paul Romer,33.9510011,-118.2062682
Dan Pink,39.7837304,-100.445882
Cary Fowler,35.1460249,-90.0517638
James Balog,40.9664806,-76.6131474
Imogen Heap,51.5746268,0.1822306
Jonathan Zittrain,40.4416941,-79.9900861
Evgeny Morozov,52.7893039,27.5318168
Garik Israelian,40.1777112,44.5126233
David Logan,41.8755616,-87.6244212
David Hanson,45.5326798,-92.0213472
Henry Markram,-28.8166236,24.991639
Marc Koska,50.744673199999994,-1.85795768008541
Rachel Armstrong,-45.0321923,168.661
Marcus du Sautoy,51.4893335,-0.14405508452768728
Pranav Mistry,24.1709794,72.4366375
Devdutt Pattanaik,19.0785451,72.878176
Magnus Larsson,56.3014882,14.5161735
Shashi Tharoor,51.4893335,-0.14405508452768728
Scott Kim,40.0149856,-105.270545
Sunitha Krishnan,12.9767936,77.590082
Rory  Bremner,55.9533456,-3.1883749
Alexis Ohanian,40.7127281,-74.0060152
Cat Laine,40.8466508,-73.8785937
Vilayanur Ramachandran,10.9094334,78.3665347
JK Rowling,51.5403113,-2.4134281
Jamie Heywood,51.4893335,-0.14405508452768728
The LXD,10.099908899999999,-83.34318729447185
Shekhar Kapur,31.7621021,74.8295989
Anil Gupta,24.1763069,87.7859569
Nicholas Christakis,41.3082138,-72.9250518
"Christopher ""moot"" Poole""",40.7127281,-74.0060152
Elif Shafak,48.584614,7.7507127
Laurie Santos,41.6362152,-70.934205
Diane J. Savino,40.7135078,-73.8283132
Gary Wolf,39.6365056,-74.8023853
Gero Miesenboeck,36.9148511,-4.7534501
Sheryl Sandberg,38.8950368,-77.0365427
Elizabeth Lindsey,21.48343645,-158.03648372697478
Danny Hillis,39.2908816,-76.610759
Ahn Trio,32.7762719,-96.7968559
Patricia Ryan ,40.7127281,-74.0060152
Stanley McChrystal,39.345184,-94.921703
Sam Richards,42.3315509,-83.0466403
Sean Carroll,39.9527237,-75.1635262
Louie Schwartzberg,40.6526006,-73.9497211
Ed Boyden,33.0136764,-96.6925096
Mikko Hypponen,63.2467777,25.9209164
Lucianne Walkowicz,40.7127281,-74.0060152
Hasan Elahi,25.6376135,89.0826381
Daniel Wolpert,52.5310214,-1.2649062
Natalie Warne,32.5135356,-93.7477839
Karen Tse,41.4996574,-81.6936772
Chris Anderson (TED),14.4853915,121.0326671
Rob Reid,40.7127281,-74.0060152
Regina Dugan,40.7127281,-74.0060152
Rick Falkvinge,57.7072326,11.9670171
JP Rangaswami,51.596827149999996,-0.3373046180437286
José Bowen,38.6786109,-121.7733285
Andrew Youn,29.9759983,-90.0782127
Lisa Bu,52.5170365,13.3888599
Dambisa Moyo,-15.357609,29.1653092
Andreas Ekström,60.3943055,5.3259192
Dong Woo Jang,37.5941315,127.1297917
Peter Doolittle,39.7589478,-84.1916069
Laura Robinson,44.3054151,-76.4283781
Thomas Insel,39.7589478,-84.1916069
Andrew Blum,40.6337136,-74.4073737
Freeman Hrabowski,33.5206824,-86.8024326
Dame Ellen MacArthur,53.0834695,-1.5042939
Robert Waldinger,41.2587459,-95.9383758
George Papandreou,44.9497487,-93.0931028
Sue Desmond-Hellmann,38.2971367,-122.2855293
Lord Nicholas Stern,51.4893335,-0.14405508452768728
Jun Wang,31.2312707,121.4700152
Topher White,31.9437799,-94.2440865
Jake Barton,40.6526006,-73.9497211
Shah Rukh Khan,28.6138954,77.2090057
James A. White Sr.,29.7589382,-95.3676974
Diane Kelly,53.2293545,-0.5404819
Kid President,40.7127281,-74.0060152
Michael Rubinstein,40.7127281,-74.0060152
J.D. Vance,39.516644,-84.4041725
Meg Jay,53.2063042,-1.2205319
Gabby Giffords and Mark Kelly,40.7706562,-74.2326463
Pardis Sabeti,35.6892523,51.3896004
Kevin B. Jones,42.6549244,-86.2040552
Chris Urmson,61.0666922,-107.991707
Bob Mankoff,40.8466508,-73.8785937
TED staff,37.4443293,-122.1598465
Carrie Poppy,-33.8698439,151.2082848
Marlon Peterson,40.749069,-98.845653
Ani Liu,40.7127281,-74.0060152
Bill and Melinda Gates,47.6038321,-122.330062
Jennifer Golbeck,42.2411344,-88.3161965
Grégoire Courtine,47.3215806,5.0414701
Bahia Shehab,33.88922645,35.50255852895232
Dave Isay,41.3082138,-72.9250518
Auke Ijspeert,46.2047169,6.1423106290939335
 Silk Road Ensemble,48.8588897,2.3200410217200766
Dame Stephanie Shirley,51.5142273,7.4652789
Jane Fonda and Lily Tomlin,42.3315509,-83.0466403
Ronald Sullivan,52.4812992,-2.1594773
Daniel H. Cohen,30.4494155,-91.1869659
 OK Go,32.7459645,-96.9977846
Eduardo Briceño,9.3148173,-70.6081655
 Sofi Tukker,-24.3088036,-54.748267074688144
Gian Giudice,45.4077172,11.8734455
Parul Sehgal,38.8408718,-77.1144702810449
Noah Wilson-Rich,47.6571934,-117.42351
His Holiness Pope Francis,31.6343083,74.8736788
Ji-Hae Park,45.6143558,4.6831358
Angela Lee Duckworth,13.7524938,100.4935089
Joy Sun,40.5834557,-74.1496048
Alejandro Aravena,-33.4377756,-70.6504502
Young-ha Kim,38.1063,127.708
Casey Gerald,41.720136,-87.7013258
Joseph Redmon,-36.852095,174.7631803
Sō Percussion,39.1014537,-84.5124602
Anthony D. Romero,40.7127281,-74.0060152
Beth Noveck,39.9526791,-74.1968257
Juno Mac,44.648618,-63.5859487
Peter Gabriel,44.620853,11.6702371
Richard St. John,52.66833065,-8.66451062242474
David Keith,55.861155,-4.2501687
Jaime Lerner,-25.4295963,-49.2712724
Stephen Hawking,51.7520131,-1.2578499
David Carson,41.9009603,12.464392449999998
Felix Dennis,51.427466,-0.4828394
Steve Truglia,51.4893335,-0.14405508452768728
Oliver Sacks,51.4893335,-0.14405508452768728
Matthew O'Reilly,53.6497514,-6.5885310235914645
Sangu Delle,51.5109995,-0.2055267
Rabbi Lord Jonathan Sacks,51.4893335,-0.14405508452768728
Amos Winter,-43.530955,172.6364343
Frederic Kaplan,18.9733536,72.82810491917377
Peter Donnelly,-27.4689682,153.0234991
Anna Deavere Smith,39.2908816,-76.610759
E.O. Wilson,33.5206824,-86.8024326
Al Seckel,40.7127281,-74.0060152
Natalie MacMaster,48.477473,-81.330414
James Howard Kunstler,40.7127281,-74.0060152
Jeff Hawkins,40.868154,-73.425676
Ethel,37.7790262,-122.419906
Jonathan Harris,40.7127281,-74.0060152
George Ayittey,8.0300284,-1.0800271
Euvin Naidoo,-28.8166236,24.991639
Patrick Awuah,5.5571096,-0.2012376
Zeresenay Alemseged,14.1220982,38.7321749
Paul MacCready,41.3082138,-72.9250518
Robert Full,42.7284117,-73.6917878
Murray Gell-Mann,40.7896239,-73.9598939
Billy Graham,35.2272086,-80.8430827
Keith Barry,52.2609997,-7.1119081
Patricia Burchat,50.000678,-86.000977
Irwin Redlener,40.7127281,-74.0060152
Carmen Agra Deedy,23.135305,-82.3589631
Ann Cooper,-33.7971937,151.2879845
Marvin Minsky,40.7127281,-74.0060152
Franco Sacchi,-14.5189121,27.5589884
Eva Zeisel,47.48138955,19.14609412691246
Greg Lynn,41.4156025,-81.9234726
Woody Norris,38.5612578,-86.1179768
Milton Glaser,40.8466508,-73.8785937
David Merrill,42.6511674,-73.754968
José Antonio Abreu,9.3148173,-70.6081655
Miru Kim,42.4802635,-71.0993581
Stuart Brown,41.8755616,-87.6244212
Bruce McCall,44.5014007,-79.7038708
John Wooden,39.550047,-86.5358316
C.K. Williams,40.735657,-74.1723667
Emily Levine,36.1622767,-86.7742984
Niels Diffrient,32.0937003,-90.0460222
Ben Katchor,40.7127281,-74.0060152
Natasha Tsakos,46.2047169,6.1423106290939335
Julian Treasure,37.7790262,-122.419906
Matthew White,40.8929329,-73.9726508
Cynthia Schneider,40.9699889,-77.7278831
Mallika Sarabhai,23.0216238,72.5797068
Anupam Mishra,18.9068356,75.6741579
Charles Anderson,38.6280278,-90.1910154
Steven  Cowley,52.2055314,0.1186637
Jane Chen,25.0375198,121.5636796
Srikumar Rao,18.9733536,72.82810491917377
Juliana Machado Ferreira,-1.2043218,-47.1583944
Dee Boersma,33.1570582,-94.9694007
Rachel Sussman,40.6526006,-73.9497211
Carne Ross,51.5307156,-0.4800361493026331
Mitchell Besser,35.1460249,-90.0517638
Dianna Cohen,34.0536909,-118.242766
Emily Pilloton,38.0409144,-122.6199638
William Ury,41.8755616,-87.6244212
Charity Tillemann-Dick,39.7392364,-104.984862
Hawa Abdi + Deqo Mohamed,2.0349312,45.3419183
Anil Ananthaswamy,13.0836939,80.270186
Eddi Reader,55.861155,-4.2501687
Rachelle Garniez,39.2147095,-95.0620347
BLACK,53.4071991,-2.99168
Michael Patrick Lynch,50.8214626,-0.1400561
Thomas Barnett,37.5385087,-77.43428
Sam Martin,45.4206749,-122.670649
Nellie McKay,40.7896239,-73.9598939
Jennifer Lin,29.7589382,-95.3676974
Molly Crockett,39.9527237,-75.1635262
Charles Hazlewood,51.2912247,-0.2326709
Miwa Matreyek,47.0451022,-122.8950075
Johnny Lee,29.5568106,-98.7000912
Charles Hazlewood + Paraorchestra,51.2912247,-0.2326709
Ann Morgan,51.5307156,-0.4800361493026331
Ashraf Ghani,34.0653595,69.160172
Sergey Brin + Larry Page,55.7505412,37.6174782
Eleni Gabre-Madhin,9.0358287,38.7524127
Nandan Nilekani,12.9767936,77.590082
Emmanuel Jal,7.2751765,28.681872
Srdja Popovic,44.8178131,20.4568974
James Hansen,8.6062347,151.832744331612
Francesco Sauro,45.6221024,11.0295169
Paul Ewald,50.5152452,8.390132
Dayananda Saraswati,22.654552000000002,70.74596926422454
Raghava KK,21.6409,69.611
Kevin Stone,26.133333,92.666667
Maurice Conti,45.0677551,7.6824892
Mihaly Csikszentmihalyi,45.9260189,12.7289914